/class,id,label
丁大全,小王将军,小王将军
丁大全,陈大方,陈大方
令狐冲,舒奇,舒奇
令狐冲,易堂主,易堂主
令狐冲,方生,方生
令狐冲,郑萼,郑萼
令狐冲,邓八公,邓八公
令狐冲,狄镖头,狄镖头
令狐冲,玉音子,玉音子
令狐冲,王诚,王诚
令狐冲,鲍大楚,鲍大楚
令狐冲,秃笔翁,秃笔翁
令狐冲,高克新,高克新
令狐冲,米为义,米为义
令狐冲,周孤桐,周孤桐
令狐冲,史镖头,史镖头
令狐冲,桃枝仙,桃枝仙
令狐冲,聋哑婆婆,聋哑婆婆
令狐冲,天乙道人,天乙道人
令狐冲,不戒和尚,不戒和尚
令狐冲,仪琳,仪琳
令狐冲,鲁连荣,鲁连荣
令狐冲,桃根仙,桃根仙
令狐冲,丁坚,丁坚
令狐冲,严三星,严三星
令狐冲,丹青生,丹青生
令狐冲,陆伯,陆伯
令狐冲,于人豪,于人豪
令狐冲,余沧海,余沧海
令狐冲,黄国柏,黄国柏
令狐冲,刘菁,刘菁
令狐冲,劳德诺,劳德诺
令狐冲,卜沉,卜沉
令狐冲,史登达,史登达
令狐冲,吴天德,吴天德
令狐冲,绿竹翁,绿竹翁
令狐冲,申人俊,申人俊
令狐冲,王家骏,王家骏
令狐冲,东方不败,东方不败
令狐冲,平夫人,平夫人
令狐冲,方证,方证
令狐冲,施戴子,施戴子
令狐冲,桃花仙,桃花仙
令狐冲,齐堂主,齐堂主
令狐冲,蓝凤凰,蓝凤凰
令狐冲,祖千秋,祖千秋
令狐冲,岳不群,岳不群
令狐冲,玉钟子,玉钟子
令狐冲,黑白子,黑白子
令狐冲,英白罗,英白罗
令狐冲,木高峰,木高峰
令狐冲,仪和,仪和
令狐冲,汉子,汉子
令狐冲,玉玑子,玉玑子
令狐冲,桑三娘,桑三娘
令狐冲,解风,解风
令狐冲,陶钧,陶钧
令狐冲,上官云,上官云
令狐冲,向问天,向问天
令狐冲,定静师太,定静师太
令狐冲,游迅,游迅
令狐冲,季镖头,季镖头
令狐冲,施令威,施令威
令狐冲,任我行,任我行
令狐冲,洪人雄,洪人雄
令狐冲,老头子,老头子
令狐冲,任盈盈,任盈盈
令狐冲,成不忧,成不忧
令狐冲,易师爷,易师爷
令狐冲,王伯奋,王伯奋
令狐冲,王二叔,王二叔
令狐冲,令狐冲,令狐冲
令狐冲,郑镖头,郑镖头
令狐冲,玉灵道人,玉灵道人
令狐冲,童百熊,童百熊
令狐冲,杨莲亭,杨莲亭
令狐冲,林远图,林远图
令狐冲,白熊,白熊
令狐冲,王元霸,王元霸
令狐冲,王仲强,王仲强
令狐冲,桃干仙,桃干仙
令狐冲,丁勉,丁勉
令狐冲,于嫂,于嫂
令狐冲,左冷禅,左冷禅
令狐冲,贾布,贾布
令狐冲,谭迪人,谭迪人
令狐冲,何三七,何三七
令狐冲,葛长老,葛长老
令狐冲,罗人杰,罗人杰
令狐冲,余人彦,余人彦
令狐冲,假东方不败,假东方不败
令狐冲,冲虚道长,冲虚道长
令狐冲,吴柏英,吴柏英
令狐冲,田伯光,田伯光
令狐冲,白二,白二
令狐冲,仇松年,仇松年
令狐冲,宁中则,宁中则
令狐冲,侯人英,侯人英
令狐冲,张夫人,张夫人
令狐冲,杜长老,杜长老
令狐冲,易国梓,易国梓
令狐冲,辛国梁,辛国梁
令狐冲,费彬,费彬
令狐冲,天门道人,天门道人
令狐冲,哑婆婆,哑婆婆
令狐冲,黄伯流,黄伯流
令狐冲,计无施,计无施
令狐冲,刘正风,刘正风
令狐冲,沙天江,沙天江
令狐冲,陆大有,陆大有
令狐冲,英颚,英颚
令狐冲,吉人通,吉人通
令狐冲,长青子,长青子
令狐冲,高明根,高明根
令狐冲,钟镇,钟镇
令狐冲,上官,上官
令狐冲,震山子,震山子
令狐冲,桃实仙,桃实仙
令狐冲,陈七,陈七
令狐冲,岳灵珊,岳灵珊
令狐冲,莫大,莫大
令狐冲,狄修,狄修
令狐冲,闻先生,闻先生
令狐冲,司马大,司马大
令狐冲,乐厚,乐厚
令狐冲,风清扬,风清扬
令狐冲,崔镖头,崔镖头
令狐冲,陈歪嘴,陈歪嘴
令狐冲,封不平,封不平
令狐冲,天松道人,天松道人
令狐冲,王家驹,王家驹
令狐冲,刘芹,刘芹
令狐冲,丛不弃,丛不弃
令狐冲,夏老拳师,夏老拳师
令狐冲,贾人达,贾人达
令狐冲,建除,建除
令狐冲,定逸,定逸
令狐冲,方人智,方人智
令狐冲,平一指,平一指
令狐冲,仪清,仪清
令狐冲,曲洋,曲洋
令狐冲,曲非烟,曲非烟
令狐冲,黑熊,黑熊
令狐冲,黄钟公,黄钟公
令狐冲,麻衣汉子,麻衣汉子
令狐冲,觉月,觉月
令狐冲,西宝,西宝
令狐冲,老不死,老不死
令狐冲,玉磬子,玉磬子
令狐冲,梁发,梁发
令狐冲,桃叶仙,桃叶仙
令狐冲,林震南,林震南
令狐冲,林平之,林平之
令狐冲,向大年,向大年
令狐冲,冲虚,冲虚
令狐冲,万大平,万大平
卓天雄,周威信,周威信
卓天雄,萧中慧,萧中慧
卓天雄,袁冠南,袁冠南
卓天雄,袁夫人,袁夫人
卓天雄,林玉龙,林玉龙
卓天雄,卓天雄,卓天雄
卓天雄,任飞燕,任飞燕
卓天雄,萧半和,萧半和
卓天雄,杨中慧,杨中慧
张无忌,吴劲草,吴劲草
张无忌,德成,德成
张无忌,鲜于通,鲜于通
张无忌,纪晓芙,纪晓芙
张无忌,渡难,渡难
张无忌,贺老三,贺老三
张无忌,唐文亮,唐文亮
张无忌,潘天耕,潘天耕
张无忌,静迦,静迦
张无忌,执法长老,执法长老
张无忌,说不得,说不得
张无忌,张中,张中
张无忌,白龟寿,白龟寿
张无忌,王保保,王保保
张无忌,辛然,辛然
张无忌,王八衰,王八衰
张无忌,彭莹玉,彭莹玉
张无忌,程坛主,程坛主
张无忌,卫四娘,卫四娘
张无忌,哈总管,哈总管
张无忌,殷素素,殷素素
张无忌,殷野王,殷野王
张无忌,苏梦清,苏梦清
张无忌,苏习之,苏习之
张无忌,胡青羊,胡青羊
张无忌,静空,静空
张无忌,小玲,小玲
张无忌,常胜宝树王,常胜宝树王
张无忌,郝密,郝密
张无忌,邵燕,邵燕
张无忌,过三拳,过三拳
张无忌,辉月使,辉月使
张无忌,刚相,刚相
张无忌,谢逊,谢逊
张无忌,察罕特穆尔,察罕特穆尔
张无忌,都大锦,都大锦
张无忌,小凤,小凤
张无忌,邵鹤,邵鹤
张无忌,张松溪,张松溪
张无忌,赵敏,赵敏
张无忌,明月,明月
张无忌,觉远大师,觉远大师
张无忌,封坛主,封坛主
张无忌,朱元璋,朱元璋
张无忌,何足道,何足道
张无忌,刘敖,刘敖
张无忌,成昆,成昆
张无忌,欧阳牧之,欧阳牧之
张无忌,汤和,汤和
张无忌,静虚师太,静虚师太
张无忌,史红石,史红石
张无忌,宫九佳,宫九佳
张无忌,花云,花云
张无忌,齐心宝树王,齐心宝树王
张无忌,夏胄,夏胄
张无忌,天鸣方丈,天鸣方丈
张无忌,杨夫人,杨夫人
张无忌,云鹤,云鹤
张无忌,平等宝树王,平等宝树王
张无忌,卜泰,卜泰
张无忌,庄铮,庄铮
张无忌,郑长老,郑长老
张无忌,殷离,殷离
张无忌,乔福,乔福
张无忌,周芷若,周芷若
张无忌,元广波,元广波
张无忌,空性,空性
张无忌,方天劳,方天劳
张无忌,季长老,季长老
张无忌,俱明宝树王,俱明宝树王
张无忌,灭绝师太,灭绝师太
张无忌,闻苍松,闻苍松
张无忌,王难姑,王难姑
张无忌,矮老者,矮老者
张无忌,金花婆婆,金花婆婆
张无忌,邓愈,邓愈
张无忌,静玄师太,静玄师太
张无忌,冷谦,冷谦
张无忌,高老者,高老者
张无忌,太虚子,太虚子
张无忌,阳顶天,阳顶天
张无忌,小虹,小虹
张无忌,张翠山,张翠山
张无忌,杨不悔,杨不悔
张无忌,传功长老,传功长老
张无忌,胡夫人,胡夫人
张无忌,何太冲,何太冲
张无忌,殷无福,殷无福
张无忌,渡厄,渡厄
张无忌,渡劫,渡劫
张无忌,小昭,小昭
张无忌,五姑,五姑
张无忌,麦少帮主,麦少帮主
张无忌,贝锦仪,贝锦仪
张无忌,吴六破,吴六破
张无忌,詹春,詹春
张无忌,马法通,马法通
张无忌,俞岱岩,俞岱岩
张无忌,掌钵龙头,掌钵龙头
张无忌,朱九真,朱九真
张无忌,武青婴,武青婴
张无忌,周五输,周五输
张无忌,易三娘,易三娘
张无忌,叶长青,叶长青
张无忌,静慧,静慧
张无忌,胡青牛,胡青牛
张无忌,殷无寿,殷无寿
张无忌,流云使,流云使
张无忌,鹿杖客,鹿杖客
张无忌,摩诃巴思,摩诃巴思
张无忌,张三丰,张三丰
张无忌,祝镖头,祝镖头
张无忌,司徒千钟,司徒千钟
张无忌,麦鲸,麦鲸
张无忌,唐洋,唐洋
张无忌,圆心,圆心
张无忌,圆音,圆音
张无忌,妙风使,妙风使
张无忌,宗维侠,宗维侠
张无忌,韩林儿,韩林儿
张无忌,韦一笑,韦一笑
张无忌,陈友谅,陈友谅
张无忌,阿二,阿二
张无忌,李四摧,李四摧
张无忌,赵一伤,赵一伤
张无忌,西华子,西华子
张无忌,薛公远,薛公远
张无忌,泉建男,泉建男
张无忌,范遥,范遥
张无忌,常敬之,常敬之
张无忌,张无忌,张无忌
张无忌,鹤笔翁,鹤笔翁
张无忌,掌棒龙头,掌棒龙头
张无忌,方东白,方东白
张无忌,殷梨亭,殷梨亭
张无忌,卫天望,卫天望
张无忌,蒋涛,蒋涛
张无忌,吴祯,吴祯
张无忌,莫声谷,莫声谷
张无忌,高则成,高则成
张无忌,韩千叶,韩千叶
张无忌,杜百当,杜百当
张无忌,静照,静照
张无忌,空见,空见
张无忌,孙三毁,孙三毁
张无忌,班淑娴,班淑娴
张无忌,空闻,空闻
张无忌,宋青书,宋青书
张无忌,秦老五,秦老五
张无忌,吴良,吴良
张无忌,钱二败,钱二败
张无忌,武烈,武烈
张无忌,周颠,周颠
张无忌,杨逍,杨逍
张无忌,宋远桥,宋远桥
张无忌,殷无禄,殷无禄
张无忌,寿南山,寿南山
张无忌,简捷,简捷
张无忌,殷天正,殷天正
张无忌,朱长龄,朱长龄
张无忌,乌旺阿普,乌旺阿普
张无忌,阿三,阿三
张无忌,丁敏君,丁敏君
张无忌,郑七灭,郑七灭
张无忌,卫璧,卫璧
张无忌,史火龙,史火龙
张无忌,圆业,圆业
张无忌,圆真,圆真
张无忌,姚清泉,姚清泉
张无忌,空智,空智
张无忌,祁天彪,祁天彪
张无忌,孟正鸿,孟正鸿
张无忌,常遇春,常遇春
张无忌,常金鹏,常金鹏
张无忌,徐达,徐达
曹云奇,周云阳,周云阳
曹云奇,陶百岁,陶百岁
曹云奇,陶子安,陶子安
曹云奇,田青文,田青文
曹云奇,静智大师,静智大师
本因,枯荣长老,枯荣长老
本因,本相,本相
本因,本因,本因
本因,本观,本观
本因,本参,本参
杨过,申志凡,申志凡
杨过,公孙止,公孙止
杨过,郭破虏,郭破虏
杨过,尼摩星,尼摩星
杨过,郭芙,郭芙
杨过,马光佐,马光佐
杨过,铁匠,铁匠
杨过,丧门鬼,丧门鬼
杨过,王十三,王十三
杨过,无色,无色
杨过,张志光,张志光
杨过,霍都,霍都
杨过,杨过,杨过
杨过,煞神鬼,煞神鬼
杨过,潇湘子,潇湘子
杨过,武三通,武三通
杨过,无相禅师,无相禅师
杨过,金轮法王,金轮法王
杨过,忽必烈,忽必烈
杨过,耶律楚材,耶律楚材
杨过,史季强,史季强
杨过,耶律齐,耶律齐
杨过,郭襄,郭襄
杨过,讨债鬼,讨债鬼
杨过,鄂尔多,鄂尔多
杨过,蓝天和,蓝天和
杨过,柔儿,柔儿
杨过,洪凌波,洪凌波
杨过,小龙女,小龙女
杨过,朱子柳,朱子柳
杨过,笑脸鬼,笑脸鬼
杨过,武敦儒,武敦儒
杨过,青灵子,青灵子
杨过,张君宝,张君宝
杨过,阿根,阿根
杨过,完颜萍,完颜萍
杨过,达尔巴,达尔巴
杨过,裘千尺,裘千尺
杨过,觉远,觉远
杨过,点苍渔隐,点苍渔隐
杨过,孙婆婆,孙婆婆
杨过,史伯威,史伯威
杨过,李莫愁,李莫愁
杨过,天竺僧,天竺僧
杨过,俏鬼,俏鬼
杨过,耶律燕,耶律燕
杨过,尹克西,尹克西
杨过,张二叔,张二叔
杨过,催命鬼,催命鬼
杨过,史仲猛,史仲猛
杨过,史叔刚,史叔刚
杨过,陆无双,陆无双
杨过,武修文,武修文
杨过,武三娘,武三娘
杨过,樊一翁,樊一翁
杨过,子聪,子聪
杨过,陆二娘,陆二娘
杨过,大头鬼,大头鬼
杨过,藏边五丑,藏边五丑
杨过,冯默风,冯默风
杨过,鹿清笃,鹿清笃
杨过,耶律晋,耶律晋
杨过,蒙哥,蒙哥
杨过,宋五,宋五
杨过,吊死鬼,吊死鬼
杨过,公孙绿萼,公孙绿萼
杨过,小棒头,小棒头
杨过,林朝英,林朝英
段誉,来福儿,来福儿
段誉,朱丹臣,朱丹臣
段誉,云中鹤,云中鹤
段誉,马夫人,马夫人
段誉,马五德,马五德
段誉,全冠清,全冠清
段誉,单叔山,单叔山
段誉,菊剑,菊剑
段誉,苟读,苟读
段誉,吴领军,吴领军
段誉,天狼子,天狼子
段誉,宋长老,宋长老
段誉,康广陵,康广陵
段誉,王夫人,王夫人
段誉,张全祥,张全祥
段誉,玄慈,玄慈
段誉,段誉,段誉
段誉,赵钱孙,赵钱孙
段誉,段正淳,段正淳
段誉,钟万仇,钟万仇
段誉,司马林,司马林
段誉,容子矩,容子矩
段誉,石清露,石清露
段誉,薛慕华,薛慕华
段誉,神山上人,神山上人
段誉,陈孤雁,陈孤雁
段誉,平婆婆,平婆婆
段誉,哈大霸,哈大霸
段誉,易大彪,易大彪
段誉,出尘子,出尘子
段誉,程青霜,程青霜
段誉,甘宝宝,甘宝宝
段誉,王语嫣,王语嫣
段誉,褚万里,褚万里
段誉,谭婆,谭婆
段誉,玄生,玄生
段誉,天山童姥,天山童姥
段誉,不平道人,不平道人
段誉,郁光标,郁光标
段誉,幽草,幽草
段誉,项长老,项长老
段誉,严妈妈,严妈妈
段誉,段正明,段正明
段誉,萧远山,萧远山
段誉,段延庆,段延庆
段誉,黄眉和尚,黄眉和尚
段誉,鸠摩智,鸠摩智
段誉,耶律洪基,耶律洪基
段誉,游坦之,游坦之
段誉,桑土公,桑土公
段誉,左子穆,左子穆
段誉,岳老三,岳老三
段誉,孟师叔,孟师叔
段誉,刀白凤,刀白凤
段誉,乌老大,乌老大
段誉,李春来,李春来
段誉,阿紫,阿紫
段誉,过彦之,过彦之
段誉,许卓诚,许卓诚
段誉,公冶乾,公冶乾
段誉,竹剑,竹剑
段誉,瑞婆婆,瑞婆婆
段誉,狮鼻子,狮鼻子
段誉,李傀儡,李傀儡
段誉,无崖子,无崖子
段誉,崔绿华,崔绿华
段誉,姚伯当,姚伯当
段誉,唐光雄,唐光雄
段誉,吴长风,吴长风
段誉,云岛主,云岛主
段誉,黎夫人,黎夫人
段誉,风波恶,风波恶
段誉,龚光杰,龚光杰
段誉,阿朱,阿朱
段誉,阮星竹,阮星竹
段誉,钟灵,钟灵
段誉,邓百川,邓百川
段誉,赫连铁树,赫连铁树
段誉,诸保昆,诸保昆
段誉,葛光佩,葛光佩
段誉,范骅,范骅
段誉,穆贵妃,穆贵妃
段誉,祁六三,祁六三
段誉,石嫂,石嫂
段誉,玄寂,玄寂
段誉,梦姑,梦姑
段誉,朴者和尚,朴者和尚
段誉,智光大师,智光大师
段誉,慧观,慧观
段誉,徐长老,徐长老
段誉,司空玄,司空玄
段誉,单季山,单季山
段誉,傅思归,傅思归
段誉,丁春秋,丁春秋
段誉,梅剑,梅剑
段誉,鲍千灵,鲍千灵
段誉,高升泰,高升泰
段誉,阿碧,阿碧
段誉,阿洪,阿洪
段誉,虚竹,虚竹
段誉,范百龄,范百龄
段誉,缘根,缘根
段誉,符敏仪,符敏仪
段誉,端木元,端木元
段誉,游骥,游骥
段誉,摘星子,摘星子
段誉,慧真,慧真
段誉,慕容复,慕容复
段誉,慕容博,慕容博
段誉,哲罗星,哲罗星
段誉,余婆婆,余婆婆
段誉,辛双清,辛双清
段誉,耶律莫哥,耶律莫哥
段誉,苏星河,苏星河
段誉,单小山,单小山
段誉,包不同,包不同
段誉,贾老者,贾老者
段誉,慧净,慧净
段誉,玄难,玄难
段誉,玄苦,玄苦
段誉,玄痛,玄痛
段誉,奚长老,奚长老
段誉,李秋水,李秋水
段誉,木婉清,木婉清
段誉,止清,止清
段誉,游驹,游驹
段誉,吴光胜,吴光胜
段誉,阿胜,阿胜
段誉,波罗星,波罗星
段誉,慧方,慧方
段誉,姜师叔,姜师叔
段誉,秦红棉,秦红棉
段誉,神音,神音
段誉,清风,清风
段誉,华赫艮,华赫艮
段誉,卓不凡,卓不凡
段誉,单伯山,单伯山
段誉,室里,室里
段誉,单正,单正
段誉,白世镜,白世镜
段誉,谭公,谭公
段誉,努儿海,努儿海
段誉,乔峰,乔峰
段誉,巴天石,巴天石
段誉,叶二娘,叶二娘
段誉,宗赞王子,宗赞王子
段誉,古笃诚,古笃诚
段誉,刘竹庄,刘竹庄
段誉,兰剑,兰剑
段誉,冯阿三,冯阿三
段誉,谭青,谭青
段誉,崔百泉,崔百泉
狄云,丁典,丁典
狄云,戚芳,戚芳
狄云,凌霜华,凌霜华
狄云,言达平,言达平
狄云,汪啸风,汪啸风
狄云,梅念笙,梅念笙
狄云,沈城,沈城
狄云,菊友,菊友
狄云,鱼贩头子,鱼贩头子
狄云,周圻,周圻
狄云,桃红,桃红
狄云,血刀老祖,血刀老祖
狄云,狄云,狄云
狄云,教书先生,教书先生
狄云,吴坎,吴坎
狄云,空心菜,空心菜
狄云,冯坦,冯坦
狄云,鲁坤,鲁坤
狄云,水岱,水岱
狄云,马大鸣,马大鸣
狄云,陆天抒,陆天抒
狄云,凌退思,凌退思
狄云,花铁干,花铁干
狄云,万圭,万圭
狄云,孙均,孙均
狄云,卜垣,卜垣
狄云,刘乘风,刘乘风
狄云,水福,水福
狄云,万震山,万震山
狄云,戚长发,戚长发
狄云,水笙,水笙
狄云,宝象和尚,宝象和尚
盖一鸣,逍遥子,逍遥子
盖一鸣,花剑影,花剑影
石破天,龙岛主,龙岛主
石破天,郑光芝,郑光芝
石破天,解文豹,解文豹
石破天,白自在,白自在
石破天,安奉日,安奉日
石破天,李四,李四
石破天,史小翠,史小翠
石破天,谢烟客,谢烟客
石破天,高三娘子,高三娘子
石破天,花万紫,花万紫
石破天,白万剑,白万剑
石破天,米横野,米横野
石破天,周牧,周牧
石破天,柯万钧,柯万钧
石破天,丁不四,丁不四
石破天,丁不三,丁不三
石破天,梅芳姑,梅芳姑
石破天,丑脸汉子,丑脸汉子
石破天,黄面道人,黄面道人
石破天,梅文馨,梅文馨
石破天,成自学,成自学
石破天,李万山,李万山
石破天,展飞,展飞
石破天,木岛主,木岛主
石破天,封万里,封万里
石破天,天虚,天虚
石破天,大悲老人,大悲老人
石破天,吴道通,吴道通
石破天,吕正平,吕正平
石破天,司徒横,司徒横
石破天,范一飞,范一飞
石破天,邱山风,邱山风
石破天,陈冲之,陈冲之
石破天,齐自勉,齐自勉
石破天,贝海石,贝海石
石破天,梁自进,梁自进
石破天,杨光,杨光
石破天,呼延万善,呼延万善
石破天,廖自砺,廖自砺
石破天,元澄道人,元澄道人
石破天,闵柔,闵柔
石破天,褚万春,褚万春
石破天,耿万钟,耿万钟
石破天,石中玉,石中玉
石破天,风良,风良
石破天,李大元,李大元
石破天,孙万年,孙万年
石破天,照虚,照虚
石破天,王万仞,王万仞
石破天,石破天,石破天
石破天,闻万夫,闻万夫
石破天,灵虚,灵虚
石破天,小翠,小翠
石破天,汪万翼,汪万翼
石破天,尤得胜,尤得胜
石破天,侍剑,侍剑
石破天,冯振武,冯振武
石破天,石清,石清
石破天,温仁厚,温仁厚
石破天,张三,张三
耶律涅鲁古,耶律重元,耶律重元
耶律重元,耶律涅鲁古,耶律涅鲁古
胡斐,褚轰,褚轰
胡斐,袁紫衣,袁紫衣
胡斐,殷吉,殷吉
胡斐,蔡威,蔡威
胡斐,海兰弼,海兰弼
胡斐,俞朝奉,俞朝奉
胡斐,张飞雄,张飞雄
胡斐,徐铮,徐铮
胡斐,张九,张九
胡斐,琴儿,琴儿
胡斐,瘦商人,瘦商人
胡斐,王掌柜,王掌柜
胡斐,孙伏虎,孙伏虎
胡斐,大智禅师,大智禅师
胡斐,刘元鹤,刘元鹤
胡斐,杨宾,杨宾
胡斐,慕容景岳,慕容景岳
胡斐,姜铁山,姜铁山
胡斐,木文察,木文察
胡斐,王铁匠,王铁匠
胡斐,西灵道人,西灵道人
胡斐,何思豪,何思豪
胡斐,胡斐,胡斐
胡斐,钟兆英,钟兆英
胡斐,阎基,阎基
胡斐,刘鹤真,刘鹤真
胡斐,凤七,凤七
胡斐,汪铁鹗,汪铁鹗
胡斐,胡一刀,胡一刀
胡斐,赛总管,赛总管
胡斐,胡大哥,胡大哥
胡斐,蒋调侯,蒋调侯
胡斐,陈高波,陈高波
胡斐,无青子,无青子
胡斐,尉迟连,尉迟连
胡斐,刘之余,刘之余
胡斐,宝树,宝树
胡斐,钟兆文,钟兆文
胡斐,胖商人,胖商人
胡斐,于管家,于管家
胡斐,王师兄,王师兄
胡斐,薛鹊,薛鹊
胡斐,范帮主,范帮主
胡斐,姜小铁,姜小铁
胡斐,相国夫人,相国夫人
胡斐,周隆,周隆
胡斐,桑飞虹,桑飞虹
胡斐,安提督,安提督
胡斐,曾铁鸥,曾铁鸥
胡斐,曹猛,曹猛
胡斐,聂钺,聂钺
胡斐,文醉翁,文醉翁
胡斐,苗人凤,苗人凤
胡斐,倪不大,倪不大
胡斐,哈赤大师,哈赤大师
胡斐,上官铁生,上官铁生
胡斐,中年武师,中年武师
胡斐,易吉,易吉
胡斐,南兰,南兰
胡斐,王剑英,王剑英
胡斐,杜希孟,杜希孟
胡斐,马行空,马行空
胡斐,黄希节,黄希节
胡斐,邝宝官,邝宝官
胡斐,崔百胜,崔百胜
胡斐,田归农,田归农
胡斐,蓝秦,蓝秦
胡斐,蛇皮张,蛇皮张
胡斐,殷仲翔,殷仲翔
胡斐,郭玉堂,郭玉堂
胡斐,齐伯涛,齐伯涛
胡斐,姬晓峰,姬晓峰
胡斐,商老太,商老太
胡斐,商宝震,商宝震
胡斐,吕小妹,吕小妹
胡斐,凤一鸣,凤一鸣
胡斐,福康安,福康安
胡斐,孙刚峰,孙刚峰
胡斐,程灵素,程灵素
胡斐,童怀道,童怀道
胡斐,汤沛,汤沛
胡斐,陈禹,陈禹
胡斐,张总管,张总管
胡斐,马春花,马春花
胡斐,王剑杰,王剑杰
胡斐,任通武,任通武
胡斐,倪不小,倪不小
胡斐,王老六,王老六
胡斐,宗雄,宗雄
胡斐,司徒雷,司徒雷
胡斐,平四,平四
胡斐,石万嗔,石万嗔
胡斐,平阿四,平阿四
胡斐,店伴,店伴
胡斐,秦耐之,秦耐之
胡斐,欧阳公政,欧阳公政
胡斐,脚夫,脚夫
胡斐,苗若兰,苗若兰
胡斐,李廷豹,李廷豹
胡斐,钟兆能,钟兆能
花剑影,常长风,常长风
花剑影,盖一鸣,盖一鸣
苏普,车尔库,车尔库
苏普,马家骏,马家骏
苏普,苏普,苏普
苏普,桑斯,桑斯
苏普,霍元龙,霍元龙
苏普,史仲俊,史仲俊
苏普,李三,李三
苏普,瓦尔拉齐,瓦尔拉齐
苏普,苏鲁克,苏鲁克
苏普,上官虹,上官虹
苏普,陈达海,陈达海
苏普,丁同,丁同
苏普,阿曼,阿曼
苏普,李文秀,李文秀
袁承志,焦公礼,焦公礼
袁承志,钱通四,钱通四
袁承志,马公子,马公子
袁承志,冯同知,冯同知
袁承志,朱安国,朱安国
袁承志,范文程,范文程
袁承志,杨鹏举,杨鹏举
袁承志,张若谷,张若谷
袁承志,张春九,张春九
袁承志,刘芳亮,刘芳亮
袁承志,黄二毛子,黄二毛子
袁承志,应松,应松
袁承志,鲍承先,鲍承先
袁承志,梅剑和,梅剑和
袁承志,焦宛儿,焦宛儿
袁承志,秦栋,秦栋
袁承志,何惕守,何惕守
袁承志,白脸人,白脸人
袁承志,洞玄,洞玄
袁承志,温方悟,温方悟
袁承志,温方施,温方施
袁承志,哑巴,哑巴
袁承志,多尔衮,多尔衮
袁承志,荣彩,荣彩
袁承志,童子,童子
袁承志,万里风,万里风
袁承志,田见秀,田见秀
袁承志,宋献策,宋献策
袁承志,何红药,何红药
袁承志,黎刚,黎刚
袁承志,小菊,小菊
袁承志,水鉴,水鉴
袁承志,胡桂南,胡桂南
袁承志,温方达,温方达
袁承志,归辛树,归辛树
袁承志,吴平,吴平
袁承志,安剑清,安剑清
袁承志,阿九,阿九
袁承志,安小慧,安小慧
袁承志,孟伯飞,孟伯飞
袁承志,龙德邻,龙德邻
袁承志,冯不破,冯不破
袁承志,杨景亭,杨景亭
袁承志,皇太极,皇太极
袁承志,胡老三,胡老三
袁承志,崔希敏,崔希敏
袁承志,史秉光,史秉光
袁承志,红娘子,红娘子
袁承志,宁完我,宁完我
袁承志,沙老大,沙老大
袁承志,老李,老李
袁承志,温仪,温仪
袁承志,侯飞文,侯飞文
袁承志,冯难敌,冯难敌
袁承志,黄真,黄真
袁承志,董开山,董开山
袁承志,木桑道长,木桑道长
袁承志,单铁生,单铁生
袁承志,史秉文,史秉文
袁承志,袁承志,袁承志
袁承志,玉真子,玉真子
袁承志,黄须人,黄须人
袁承志,谭文理,谭文理
袁承志,穆人清,穆人清
袁承志,祖大寿,祖大寿
袁承志,温方山,温方山
袁承志,温南扬,温南扬
袁承志,洪胜海,洪胜海
袁承志,曹化淳,曹化淳
袁承志,归二娘,归二娘
袁承志,张朝唐,张朝唐
袁承志,张信,张信
袁承志,崔秋山,崔秋山
袁承志,安大娘,安大娘
袁承志,冯不摧,冯不摧
袁承志,农妇,农妇
袁承志,岑其斯,岑其斯
袁承志,温正,温正
袁承志,罗立如,罗立如
袁承志,丁游,丁游
袁承志,潘秀达,潘秀达
袁承志,温青,温青
袁承志,夏雪宜,夏雪宜
袁承志,何铁手,何铁手
袁承志,刘宗敏,刘宗敏
袁承志,孙仲寿,孙仲寿
袁承志,若克琳,若克琳
袁承志,李岩,李岩
袁承志,闵子华,闵子华
袁承志,孟铸,孟铸
袁承志,孟铮,孟铮
袁承志,石骏,石骏
袁承志,吕七,吕七
袁承志,程青竹,程青竹
袁承志,齐云,齐云
袁承志,倪浩,倪浩
袁承志,张康,张康
袁承志,水云道人,水云道人
袁承志,罗大千,罗大千
袁承志,刘培生,刘培生
袁承志,郑起云,郑起云
袁承志,温方义,温方义
袁承志,西门观止,西门观止
袁承志,大汉,大汉
郑板桥,郑板桥,郑板桥
郑板桥,沈德潜,沈德潜
郑板桥,袁枚,袁枚
郭靖,樵子,樵子
郭靖,忽都虎,忽都虎
郭靖,彭长老,彭长老
郭靖,焦木和尚,焦木和尚
郭靖,王处一,王处一
郭靖,瘦丐,瘦丐
郭靖,小沙弥,小沙弥
郭靖,简长老,简长老
郭靖,谭处端,谭处端
郭靖,郭啸天,郭啸天
郭靖,钱青健,钱青健
郭靖,铁木真,铁木真
郭靖,陆冠英,陆冠英
郭靖,简管家,简管家
郭靖,朱聪,朱聪
郭靖,张十五,张十五
郭靖,博尔术,博尔术
郭靖,盖运聪,盖运聪
郭靖,木华黎,木华黎
郭靖,一灯大师,一灯大师
郭靖,全金发,全金发
郭靖,灵智上人,灵智上人
郭靖,侯通海,侯通海
郭靖,术赤,术赤
郭靖,裘千丈,裘千丈
郭靖,孙不二,孙不二
郭靖,周伯通,周伯通
郭靖,黄蓉,黄蓉
郭靖,余兆兴,余兆兴
郭靖,曲傻姑,曲傻姑
郭靖,拖雷,拖雷
郭靖,欧阳克,欧阳克
郭靖,完颜洪熙,完颜洪熙
郭靖,完颜洪烈,完颜洪烈
郭靖,黎生,黎生
郭靖,穆念慈,穆念慈
郭靖,哑梢公,哑梢公
郭靖,赤老温,赤老温
郭靖,农夫,农夫
郭靖,萨多,萨多
郭靖,汤祖德,汤祖德
郭靖,洪七公,洪七公
郭靖,陈玄风,陈玄风
郭靖,王罕,王罕
郭靖,王道,王道
郭靖,梁长老,梁长老
郭靖,吴青烈,吴青烈
郭靖,彭连虎,彭连虎
郭靖,柯镇恶,柯镇恶
郭靖,赵志敬,赵志敬
郭靖,者勒米,者勒米
郭靖,渔人,渔人
郭靖,梅超风,梅超风
郭靖,桑昆,桑昆
郭靖,札木合,札木合
郭靖,曲三,曲三
郭靖,尹志平,尹志平
郭靖,察合台,察合台
郭靖,博尔忽,博尔忽
郭靖,南希仁,南希仁
郭靖,梁子翁,梁子翁
郭靖,李萍,李萍
郭靖,乔寨主,乔寨主
郭靖,郝大通,郝大通
郭靖,韩宝驹,韩宝驹
郭靖,韩小莹,韩小莹
郭靖,马青雄,马青雄
郭靖,沙通天,沙通天
郭靖,黄药师,黄药师
郭靖,鲁有脚,鲁有脚
郭靖,都史,都史
郭靖,裘千仞,裘千仞
郭靖,胖妇人,胖妇人
郭靖,童大海,童大海
郭靖,王志坦,王志坦
郭靖,沈青刚,沈青刚
郭靖,杨康,杨康
郭靖,崔志方,崔志方
郭靖,华筝,华筝
郭靖,刘处玄,刘处玄
郭靖,丘处机,丘处机
郭靖,李志常,李志常
郭靖,祁志诚,祁志诚
郭靖,姜文,姜文
郭靖,包惜弱,包惜弱
郭靖,杨铁心,杨铁心
郭靖,枯木,枯木
郭靖,段天德,段天德
郭靖,郭靖,郭靖
郭靖,陆乘风,陆乘风
郭靖,张阿生,张阿生
郭靖,窝阔台,窝阔台
郭靖,程瑶迦,程瑶迦
郭靖,吕文德,吕文德
郭靖,宋德方,宋德方
郭靖,天竺僧人,天竺僧人
郭靖,马钰,马钰
郭靖,胖丐,胖丐
陈大方,丁大全,丁大全
陈大方,王惟忠,王惟忠
陈家洛,章进,章进
陈家洛,天镜,天镜
陈家洛,阎世魁,阎世魁
陈家洛,蒋天寿,蒋天寿
陈家洛,上官毅山,上官毅山
陈家洛,宋天保,宋天保
陈家洛,无尘道长,无尘道长
陈家洛,曾图南,曾图南
陈家洛,杨成协,杨成协
陈家洛,范中恩,范中恩
陈家洛,童兆和,童兆和
陈家洛,桑拉巴,桑拉巴
陈家洛,安健刚,安健刚
陈家洛,万庆澜,万庆澜
陈家洛,少妇,少妇
陈家洛,卫春华,卫春华
陈家洛,兆惠,兆惠
陈家洛,大癫,大癫
陈家洛,徐天宏,徐天宏
陈家洛,韩文冲,韩文冲
陈家洛,汪浩天,汪浩天
陈家洛,韩春霖,韩春霖
陈家洛,哈合台,哈合台
陈家洛,教长,教长
陈家洛,石双英,石双英
陈家洛,冯辉,冯辉
陈家洛,马善均,马善均
陈家洛,曹能,曹能
陈家洛,李可秀,李可秀
陈家洛,大痴,大痴
陈家洛,和尔大,和尔大
陈家洛,呼音克,呼音克
陈家洛,周大奶奶,周大奶奶
陈家洛,忽伦二虎,忽伦二虎
陈家洛,龙骏,龙骏
陈家洛,言伯乾,言伯乾
陈家洛,关明梅,关明梅
陈家洛,平旺先,平旺先
陈家洛,忽伦大虎,忽伦大虎
陈家洛,文泰来,文泰来
陈家洛,方有德,方有德
陈家洛,霍阿伊,霍阿伊
陈家洛,宋善朋,宋善朋
陈家洛,陈家洛,陈家洛
陈家洛,张安官,张安官
陈家洛,白振,白振
陈家洛,顾金标,顾金标
陈家洛,元痛,元痛
陈家洛,唐六爷,唐六爷
陈家洛,戴永明,戴永明
陈家洛,尹章垓,尹章垓
陈家洛,孟健雄,孟健雄
陈家洛,周绮,周绮
陈家洛,钱正伦,钱正伦
陈家洛,阿凡提,阿凡提
陈家洛,阿里,阿里
陈家洛,乾隆皇帝,乾隆皇帝
陈家洛,彭三春,彭三春
陈家洛,褚圆,褚圆
陈家洛,吴国栋,吴国栋
陈家洛,马敬侠,马敬侠
陈家洛,晴画,晴画
陈家洛,木卓伦,木卓伦
陈家洛,霍青桐,霍青桐
陈家洛,胖子,胖子
陈家洛,元悲,元悲
陈家洛,孙老三,孙老三
陈家洛,老王,老王
陈家洛,罗信,罗信
陈家洛,元伤,元伤
陈家洛,赵半山,赵半山
陈家洛,梅良鸣,梅良鸣
陈家洛,天虹禅师,天虹禅师
陈家洛,贝人龙,贝人龙
陈家洛,大苦,大苦
陈家洛,孙克通,孙克通
陈家洛,忽伦四虎,忽伦四虎
陈家洛,周阿三,周阿三
陈家洛,迟玄,迟玄
陈家洛,王维扬,王维扬
陈家洛,曹司朋,曹司朋
陈家洛,朱祖荫,朱祖荫
陈家洛,阎世章,阎世章
陈家洛,忽伦三虎,忽伦三虎
陈家洛,无尘道人,无尘道人
陈家洛,蒋四根,蒋四根
陈家洛,德鄂,德鄂
陈家洛,凯别兴,凯别兴
陈家洛,张召重,张召重
陈家洛,心砚,心砚
陈家洛,常赫志,常赫志
陈家洛,骆冰,骆冰
陈家洛,于万亭,于万亭
陈家洛,陈正德,陈正德
陈家洛,马大挺,马大挺
陈家洛,玉如意,玉如意
陈家洛,德布,德布
陈家洛,无常鬼,无常鬼
陈家洛,成璜,成璜
陈家洛,李沅芷,李沅芷
陈家洛,书僮,书僮
陈家洛,常伯志,常伯志
陈家洛,喀丝丽,喀丝丽
陈家洛,焦文期,焦文期
陈家洛,陆菲青,陆菲青
陈家洛,瑞芳,瑞芳
陈家洛,袁士霄,袁士霄
陈家洛,周英杰,周英杰
陈家洛,覃天丞,覃天丞
陈家洛,余鱼同,余鱼同
陈家洛,纳斯尔丁,纳斯尔丁
陈家洛,周仲英,周仲英
陈家洛,胡老爷,胡老爷
陈家洛,瑞大林,瑞大林
陶子安,熊元献,熊元献
陶子安,曹云奇,曹云奇
陶子安,郑三娘,郑三娘
韦小宝,心溪,心溪
韦小宝,九难,九难
韦小宝,慕天颜,慕天颜
韦小宝,敖彪,敖彪
韦小宝,陈近南,陈近南
韦小宝,守备,守备
韦小宝,孙思克,孙思克
韦小宝,杨溢之,杨溢之
韦小宝,姚春,姚春
韦小宝,江百胜,江百胜
韦小宝,温有方,温有方
韦小宝,吴立身,吴立身
韦小宝,澄通,澄通
韦小宝,吴三桂,吴三桂
韦小宝,史松,史松
韦小宝,罕贴摩,罕贴摩
韦小宝,葛通,葛通
韦小宝,蔡德忠,蔡德忠
韦小宝,净清,净清
韦小宝,冯锡范,冯锡范
韦小宝,鳌拜,鳌拜
韦小宝,施琅,施琅
韦小宝,关安基,关安基
韦小宝,建宁公主,建宁公主
韦小宝,巴泰,巴泰
韦小宝,柳燕,柳燕
韦小宝,庄夫人,庄夫人
韦小宝,洪朝,洪朝
韦小宝,澄心,澄心
韦小宝,图海道,图海道
韦小宝,图尔布青,图尔布青
韦小宝,瑞栋,瑞栋
韦小宝,呼巴音,呼巴音
韦小宝,吴应熊,吴应熊
韦小宝,司徒伯雷,司徒伯雷
韦小宝,苏冈,苏冈
韦小宝,茅十八,茅十八
韦小宝,卫周祚,卫周祚
韦小宝,澄识,澄识
韦小宝,补锅匠,补锅匠
韦小宝,净济,净济
韦小宝,赵良栋,赵良栋
韦小宝,邓炳春,邓炳春
韦小宝,云素梅,云素梅
韦小宝,钱老本,钱老本
韦小宝,李力世,李力世
韦小宝,舒化龙,舒化龙
韦小宝,多隆,多隆
韦小宝,马博仁,马博仁
韦小宝,吴大鹏,吴大鹏
韦小宝,吕葆中,吕葆中
韦小宝,徐天川,徐天川
韦小宝,阿尔尼,阿尔尼
韦小宝,行颠,行颠
韦小宝,昌齐,昌齐
韦小宝,明珠,明珠
韦小宝,章老三,章老三
韦小宝,苏荃,苏荃
韦小宝,王进宝,王进宝
韦小宝,米思翰,米思翰
韦小宝,杜立德,杜立德
韦小宝,海大富,海大富
韦小宝,马喇,马喇
韦小宝,张妈,张妈
韦小宝,程维藩,程维藩
韦小宝,阿济赤,阿济赤
韦小宝,菊芳,菊芳
韦小宝,黄甫,黄甫
韦小宝,老吴,老吴
韦小宝,曾柔,曾柔
韦小宝,顾炎武,顾炎武
韦小宝,杰书,杰书
韦小宝,费要多罗,费要多罗
韦小宝,沐剑屏,沐剑屏
韦小宝,瘦头陀,瘦头陀
韦小宝,白寒松,白寒松
韦小宝,赵齐贤,赵齐贤
韦小宝,路副将,路副将
韦小宝,归钟,归钟
韦小宝,韦小宝,韦小宝
韦小宝,林永超,林永超
韦小宝,马齐,马齐
韦小宝,胖头陀,胖头陀
韦小宝,庄允城,庄允城
韦小宝,祁清彪,祁清彪
韦小宝,陆高轩,陆高轩
韦小宝,卢一峰,卢一峰
韦小宝,劳太监,劳太监
韦小宝,张勇,张勇
韦小宝,刘一舟,刘一舟
韦小宝,皇太后,皇太后
韦小宝,元义方,元义方
韦小宝,柳大洪,柳大洪
韦小宝,风际中,风际中
韦小宝,汤若望,汤若望
韦小宝,佟国纲,佟国纲
韦小宝,夏国相,夏国相
韦小宝,许雪亭,许雪亭
韦小宝,教士,教士
韦小宝,南怀仁,南怀仁
韦小宝,张康年,张康年
韦小宝,苏菲亚,苏菲亚
韦小宝,吴之荣,吴之荣
韦小宝,吕毅中,吕毅中
韦小宝,行痴,行痴
韦小宝,司徒鹤,司徒鹤
韦小宝,洪安通,洪安通
韦小宝,苏辙,苏辙
韦小宝,陶红英,陶红英
韦小宝,林兴珠,林兴珠
韦小宝,李西华,李西华
韦小宝,黄宗羲,黄宗羲
韦小宝,于八,于八
韦小宝,张淡月,张淡月
韦小宝,平威,平威
韦小宝,雷一啸,雷一啸
韦小宝,小桂子,小桂子
韦小宝,太皇太后,太皇太后
韦小宝,吕留良,吕留良
韦小宝,马超兴,马超兴
韦小宝,高里津,高里津
韦小宝,玉林,玉林
韦小宝,南仁通,南仁通
韦小宝,华伯斯基,华伯斯基
韦小宝,白寒枫,白寒枫
韦小宝,齐元凯,齐元凯
韦小宝,崔瞎子,崔瞎子
韦小宝,李式开,李式开
韦小宝,王潭,王潭
韦小宝,王武通,王武通
韦小宝,彭参将,彭参将
韦小宝,殷锦,殷锦
韦小宝,马宝,马宝
韦小宝,方怡,方怡
韦小宝,贾老六,贾老六
韦小宝,双儿,双儿
韦小宝,葛尔丹,葛尔丹
韦小宝,吴六奇,吴六奇
韦小宝,索额图,索额图
韦小宝,蕊初,蕊初
韦小宝,富春,富春
韦小宝,神照上人,神照上人
韦小宝,温有道,温有道
韦小宝,桑结,桑结
韦小宝,车夫,车夫
韦小宝,沐剑声,沐剑声
韦小宝,澄观,澄观
韦小宝,澄光,澄光
韦小宝,樊纲,樊纲
韦小宝,胡逸之,胡逸之
韦小宝,胡德第,胡德第
韦小宝,晦聪禅师,晦聪禅师
韦小宝,西奥图三世,西奥图三世
韦小宝,邝天雄,邝天雄
韦小宝,韦春花,韦春花
韦小宝,彼得,彼得
韦小宝,李自成,李自成
韦小宝,皇甫阁,皇甫阁
韦小宝,马佑,马佑
韦小宝,齐洛诺夫,齐洛诺夫
韦小宝,钟志灵,钟志灵
韦小宝,陈圆圆,陈圆圆
韦小宝,对喀纳,对喀纳
韦小宝,郑克爽,郑克爽
韦小宝,巴颜法师,巴颜法师
黄蓉,张一氓,张一氓
黄蓉,韩无垢,韩无垢
黄蓉,九死生,九死生
黄蓉,圣因师太,圣因师太
黄蓉,百草仙,百草仙
黄蓉,人厨子,人厨子
